Period,Total Interest Due,Total Principal Due,Total Notional Balance
0,261.879404772,209.392635609,18902.9162118
1,258.776567523,212.066241653,18676.8515565
2,255.659256947,214.822908827,18453.492479
3,252.347917901,217.349528403,18213.3528181
4,249.392577635,220.304868669,17998.834334
5,246.240695174,223.131272271,17770.2685499
6,243.076840727,226.051860498,17541.3578765
7,240.000095593,229.128605632,17318.1338866
8,236.880391405,232.248309821,17091.8331515
9,233.717120829,235.411580396,16862.4127122
10,230.509667845,238.61903338,16629.8290023
11,227.088415858,241.75129911,16382.7061982
12,223.662265954,244.888985584,16134.9536501
13,220.211144751,248.063844997,15883.3168665
14,216.489057478,251.073749274,15612.7197727
15,212.899656818,254.30613351,15352.8779251
16,209.207517321,257.512374553,15084.4043587
17,205.690372948,261.029518926,14829.7110055
18,201.708830675,264.176054579,14542.2589055
19,198.098396297,267.786488957,14280.9018723
20,194.18801778,271.157333772,14000.1139083
21,190.480353476,274.863603134,13731.7724893
22,186.720798892,278.62148591,13459.723406
23,182.785677754,282.195618364,13174.068976
24,178.774532109,285.805509919,12885.5607042
25,174.680026033,289.448482809,12588.557875
26,170.434734723,292.989445278,12283.7287894
27,166.421361313,296.977777237,11993.5204254
28,162.034372124,300.486262439,11676.4507664
29,157.558763234,303.858256085,11353.7966761
30,153.141834758,307.465306782,11034.0231414
31,148.724365256,311.073289389,10712.9279114
32,144.18811094,314.590585755,10387.4673501
33,139.623748485,318.095193532,10060.1472071
34,135.214297669,322.217560774,9741.99888225
35,130.679463033,326.030675878,9412.79572819
36,126.099132204,330.146356868,9083.14549464
37,121.55228203,334.528919226,8754.79482245
38,116.852855258,338.767456595,8414.60893457
39,112.180138424,343.264402621,8077.31183565
40,107.441862937,347.869302724,7735.34201991
41,102.486576131,352.035277722,7376.96829687
42,97.2036177215,355.58013631,6996.01483548
43,92.2855481096,360.353135328,6641.27128929
44,87.2984288858,365.233818479,6281.60967348
45,82.1714527903,369.788667433,5912.43689163
46,77.0491493185,374.828544948,5543.11151618
47,71.7806745789,379.562503138,5163.78297615
48,66.519142614,384.778626473,4784.51487852
49,61.1451686512,389.427262696,4396.54803333
50,55.7427074418,394.3575611,4007.3045521
51,50.6202936036,399.102781283,3638.29271762
52,45.6040359059,403.806522149,3277.54238087
53,40.6974858998,407.730652379,2924.72484847
54,35.9584761451,411.493275208,2584.53875257
55,31.5493448767,415.89330897,2267.59709632
56,27.3594053931,420.07744651,1966.63909641
57,23.4094765103,424.027375393,1682.93780425
58,19.8018393766,427.635012527,1423.61461489
59,16.5237282424,429.732560996,1187.54967554
60,13.5471396003,432.389920451,973.745491503
61,10.9583008793,434.254741071,787.245017177
62,8.78868537866,434.506987918,631.353193984
63,6.96794042335,436.327732874,500.232490808
64,5.36588333883,437.620484301,385.105598351
65,4.0673213357,438.697541377,291.684241675
66,2.97970241709,437.737754698,213.297799852
67,2.06910497515,437.580137178,147.926156405
68,1.31419713743,438.335045016,94.1029236067
69,0.758721175056,437.816777258,54.4226446509
70,0.300883812616,436.922623787,21.7012107436
71,1.69446366898e-15,436.940634682,1.16415321827e-13
