Period,Total Interest Due,Total Interest Paid,Total Interest Shortfall,Principal Paid,Total Notional Balance
0,0.0,0.0,0.0,0.0,14177187.1589
1,0.0,66160.2067414,0.0,287293.823545,13889893.3353
2,-1.81898940355e-11,64819.5022315,0.0,294317.114543,13595576.2208
3,0.0,63446.0223637,0.0,300303.927032,13295272.2938
4,0.0,62044.6040375,0.0,290481.464188,13004790.8296
5,0.0,60689.0238713,0.0,295052.652699,12709738.1769
6,1.09139364213e-11,59312.1114921,0.0,293034.427612,12416703.7493
7,-1.09139364213e-11,57944.6174965,0.0,294401.921607,12122301.8276
8,0.0,56570.7418624,0.0,301254.848654,11821046.979
9,0.0,55164.885902,0.0,296861.009745,11524185.9693
10,0.0,53779.5345232,0.0,298246.361124,11225939.6081
11,0.0,52387.7181713,0.0,305801.367723,10920138.2404
12,-1.81898940355e-11,50960.6451219,0.0,300701.651089,10619436.5893
13,1.09139364213e-11,49557.3707501,0.0,314308.408023,10305128.1813
14,1.81898940355e-12,48090.5981794,0.0,311270.587597,9993857.59369
15,-9.09494701773e-12,46638.0021039,0.0,315086.42527,9678771.16842
16,0.0,45167.598786,0.0,316858.972436,9361912.19599
17,0.0,43688.9235813,0.0,313605.788618,9048306.40737
18,0.0,42225.4299011,0.0,306315.839703,8741990.56767
19,0.0,40795.9559825,0.0,323812.107329,8418178.46034
20,0.0,39284.8328149,0.0,308303.699111,8109874.76123
21,0.0,37846.0822191,0.0,316150.113405,7793724.64782
22,0.0,36370.7150232,0.0,321964.891875,7471759.75595
23,0.0,34868.2121944,0.0,311558.43511,7160201.32084
24,0.0,33414.2728306,0.0,313010.859332,6847190.46151
25,0.0,31953.555487,0.0,315672.384703,6531518.0768
26,0.0,30480.4176918,0.0,323186.71189,6208331.36492
27,0.0,28972.2130363,0.0,324183.308461,5884148.05645
28,0.0,27459.3575968,0.0,326335.191253,5557812.8652
29,0.0,25936.4600376,0.0,329601.049882,5228211.81532
30,0.0,24398.3218048,0.0,319364.290731,4908847.52459
31,0.0,22907.9551147,0.0,324680.615,4584166.90959
32,-1.81898940355e-12,21392.7789114,0.0,325537.651918,4258629.25767
33,2.72848410532e-12,19873.6032025,0.0,331091.558745,3927537.69893
34,5.45696821064e-12,18328.5092617,0.0,323941.582393,3603596.11653
35,0.0,16816.7818772,0.0,333021.383675,3270574.73286
36,-2.72848410532e-12,15262.6820867,0.0,332134.664316,2938440.06854
37,2.72848410532e-12,13712.7203199,0.0,333577.169759,2604862.89878
38,-1.81898940355e-12,12156.026861,0.0,330652.716848,2274210.18193
39,-4.09272615798e-12,10612.980849,0.0,332801.569288,1941408.61265
40,3.63797880709e-12,9059.90685902,0.0,337100.738766,1604307.87388
41,-4.54747350886e-12,7486.77007811,0.0,335195.77135,1269112.10253
42,4.09272615798e-12,5922.52314514,0.0,332603.292778,936508.809752
43,5.00222085975e-12,4370.37444551,0.0,334048.274496,602460.535257
44,0.0,2811.48249786,0.0,345248.659532,257211.875725
45,0.0,1200.32208672,0.0,257211.875725,0.0
46,0.0,0.0,0.0,0.0,0.0
47,0.0,0.0,0.0,0.0,0.0
48,0.0,0.0,0.0,0.0,0.0
49,0.0,0.0,0.0,0.0,0.0
50,0.0,0.0,0.0,0.0,0.0
51,0.0,0.0,0.0,0.0,0.0
52,0.0,0.0,0.0,0.0,0.0
53,0.0,0.0,0.0,0.0,0.0
54,0.0,0.0,0.0,0.0,0.0
55,0.0,0.0,0.0,0.0,0.0
56,0.0,0.0,0.0,0.0,0.0
57,0.0,0.0,0.0,0.0,0.0
58,0.0,0.0,0.0,0.0,0.0
59,0.0,0.0,0.0,0.0,0.0
60,0.0,0.0,0.0,0.0,0.0
61,0.0,0.0,0.0,0.0,0.0
62,0.0,0.0,0.0,0.0,0.0
63,0.0,0.0,0.0,0.0,0.0
64,0.0,0.0,0.0,0.0,0.0
65,0.0,0.0,0.0,0.0,0.0
66,0.0,0.0,0.0,0.0,0.0
67,0.0,0.0,0.0,0.0,0.0
68,0.0,0.0,0.0,0.0,0.0
69,0.0,0.0,0.0,0.0,0.0
70,0.0,0.0,0.0,0.0,0.0
71,0.0,0.0,0.0,0.0,0.0
